{
  "project_info": {
    "project_number": "739298093523",
    "firebase_url": "https://cash-cows-f2476.firebaseio.com",
    "project_id": "cash-cows-f2476",
    "storage_bucket": "cash-cows-f2476.appspot.com"
  },
  "client": [
    {
      "client_info": {
        "mobilesdk_app_id": "1:739298093523:android:69d41b4c0dbb6428f4e726",
        "android_client_info": {
          "package_name": "com.example.cashcows"
        }
      },
      "oauth_client": [
        {
          "client_id": "739298093523-hqt99ig4usls9j8aphqpqkgg3ujufnug.apps.googleusercontent.com",
          "client_type": 1,
          "android_info": {
            "package_name": "com.example.cashcows",
            "certificate_hash": "08693d62f443412cbf6cb054f72992458170bad0"
          }
        },
        {
          "client_id": "739298093523-g63quthfjdat5rde9v3aud7i0gfumu1d.apps.googleusercontent.com",
          "client_type": 3
        }
      ],
      "api_key": [
        {
          "current_key": "AIzaSyDSUhL36R9DECm25AJAzgNV3qVztMIuf4E"
        }
      ],
      "services": {
        "appinvite_service": {
          "other_platform_oauth_client": [
            {
              "client_id": "739298093523-g63quthfjdat5rde9v3aud7i0gfumu1d.apps.googleusercontent.com",
              "client_type": 3
            }
          ]
        }
      }
    }
  ],
  "configuration_version": "1"
}